guestid,gname,Adresss,phoneno
G01,raveena tandon,Vinayk vihar Jaipur(Raj.),9875868998
G02,sumit verma ,Vashali nagar Ajmer(Raj.),7874973974
G03,anushka sen ,Shipra path Mumbai (Mah.),6768768587
G04,priyanka arora ,Navkar colony Udaipur (Raj.),5466789366
G05,avinash nigam ,Mansarovar colony Jodhpur (Raj.),9886865467
G06,priyanka prakash,Bk nagar shimla (HP.),7486456343
G07,shivani bhardhwaj,gayan nagar kota(Raj.),8586465645
G08,sushant kapoor,dhabna colony pali(Raj.),8745646345
G09,avinash jain,farj nagar Jodhpur(Raj.),7786868789
G10,sagar chanchalani,govindpuri colony Ajmer(Raj.),9898967599
